"";"Overall"
"msp_0001";0,11298820746282
"msp_0002";0
"msp_0003";0,14560155596225
"msp_0004";0,0722594203116617
"msp_0005";0,21600521394199
"msp_0006";0,216166265716991
"msp_0007";0,783069740978845
"msp_0008";0,408564516598081
"msp_0009";0,132183131639477
"msp_0010";0,532417755162061
"msp_0011";0,406329026349254
"msp_0012";0,266844965290053
"msp_0013";0,298224902594644
"msp_0014";0,532508161440265
"msp_0015";0,428118840267458
"msp_0016";0,137512580631014
"msp_0017";1,38572262895427
"msp_0018";0,181209793999387
"msp_0019";0,0923115079665548
"msp_0020";0,232773734464098
"msp_0021";0,350106664409614
"msp_0022";0,171556226934573
"msp_0023";0,161625378312574
"msp_0024";1,10220890743522
"msp_0025";1,35151900695673
"msp_0026";1,22658268061274
"msp_0027";5,97380388859615
"msp_0028";0,258168859123815
"msp_0029";0,47406945997442
"msp_0030";0,121634793591978
"msp_0031";0,0263087447854352
"msp_0032";3,45423651452858
"msp_0033";0,0875080058560999
"msp_0034";0,987674850101568
"msp_0035";0,405544295358127
"msp_0036";0,221047371356328
"msp_0037";0
"msp_0038";0,117480200267789
"msp_0039";0,227296977246118
"msp_0040";0,147095428360664
"msp_0041";0,0845905916992014
"msp_0042";0,341152839022716
"msp_0043";0,0961477812901047
"msp_0044";5,25867993996713
"msp_0045";0,293264108608087
"msp_0046";2,30911672558631
"msp_0047";0,0228394597587844
"msp_0048";0,633478738412407
"msp_0049";5,04933910771691
"msp_0050";0,423458872093594
"msp_0051";0
"msp_0052";0,355650824169646
"msp_0053";1,21531089991031
"msp_0054";1,20832142868473
"msp_0055";0,47681521307772
"msp_0056";2,19238569298518
"msp_0057";0,18888029694279
"msp_0058";0,0694129247835722
"msp_0059";0,15990198947854
"msp_0060";0,0380657662646406
"msp_0061";0
"msp_0062";3,03023150763202
"msp_0063";0,15108821948332
"msp_0064";0
"msp_0065";0,71968823100995
"msp_0066";0,924595720675907
"msp_0067";0,12274385498904
"msp_0068";0,202779872790791
"msp_0069";0,250913799123587
"msp_0070";0,052217274664201
"msp_0071";0,268286524747339
"msp_0072";0,403698931596703
"msp_0073";0,16471018612441
"msp_0074";4,06878053430588
"msp_0075";0,496826435493471
"msp_0076";2,54292310090867
"msp_0077";0,0501680547115367
"msp_0078";0,0466305636741847
"msp_0079";0,386506337057163
"msp_0080";0,127403879231875
"msp_0081";0,664598446476125
"msp_0082c";0
"msp_0083";0,0814989090322593
"msp_0084";0,169551808942583
"msp_0085";0,0228394597587844
"msp_0086";6,27066433076826
"msp_0087";0,440948095651885
"msp_0088";0,0477090937183496
"msp_0089";0,176171831761847
"msp_0090";1,15344292815377
"msp_0091";0
"msp_0092";0,1119877342004
"msp_0093";0,268709285596355
"msp_0094";0
"msp_0095";0,502999297467224
"msp_0096";0,120622659155074
"msp_0097";0,294678748401137
"msp_0098";0
"msp_0099";0
"msp_0100";0,323675708812615
"msp_0101";0,0697912118671815
"msp_0102";0
"msp_0103";0,119241012823987
"msp_0104";0,17026018434161
"msp_0105";0,45817819403909
"msp_0106";0,0811472088712909
"msp_0107";11,2439749023367
"msp_0108";0,540058067849784
"msp_0109";0,145456010385356
"msp_0110";1,05891298902761
"msp_0111";0
"msp_0112";0,169392659877651
"msp_0113";0,613942464044959
"msp_0114";0,0549459769514717
"msp_0115c";0
"msp_0116";0
"msp_0117";0,431645481826786
"msp_0118";4,1495921193372
"msp_0119";0
"msp_0120";0,0510243249930289
"msp_0121";0,0542321127970577
"msp_0122";0
"msp_0123";0,0774400048146827
"msp_0124";0,658555426906352
"msp_0125";0,458232446709401
"msp_0126";0,436876240884262
"msp_0127";0
"msp_0128";0,42326732356063
"msp_0129";1,3370720552592
"msp_0130";0,214118238903208
"msp_0131";0,361281321055501
"msp_0132";0,0971043056731649
"msp_0133";0,0690374579072346
"msp_0134";0,0239814327467236
"msp_0135";0
"msp_0136";0,414288292265303
"msp_0137";0,0790304410902679
"msp_0138";0,0685183792763531
"msp_0139";0,60128712802969
"msp_0140";0,206033027127263
"msp_0141";1,87257184451267
"msp_0142";0,397130266105948
"msp_0143";0,100817859010985
"msp_0144";1,11740225278217
"msp_0145";0,0952516810546193
"msp_0146c";0,623498795492278
"msp_0147";1,12124000792545
"msp_0149";0
"msp_0150c";1,9990888710425
"msp_0151";0,169030128770368
"msp_0152";0,329949961152804
"msp_0153";0,221515212066201
"msp_0154";0,501799634967933
"msp_0155";0
"msp_0156";0
"msp_0157";0,0532920727704969
"msp_0158";0,121002808836525
"msp_0159";0,303659115005273
"msp_0160";0,0639504873245962
"msp_0161";0
"msp_0162";0,401007388698268
"msp_0163";0,160944881810888
"msp_0164";0,299358404050523
"msp_0165";0
"msp_0166";0,186461991294436
"msp_0167c";0
"msp_0168";0,352009509261456
"msp_0169";0,0737890238360726
"msp_0170";0,572548129014397
"msp_0171";0,0233152818370924
"msp_0172";4,44622748520426
"msp_0173";0,0199845272889363
"msp_0174";0,0775871203364727
"msp_0175";0,291868422138162
"msp_0176";0
"msp_0177";0,286705389332764
"msp_0178";0,227716325465378
"msp_0179";0,270858405724055
"msp_0180";0,0745228902987959
"msp_0181";0,297072937601519
"msp_0182";0,0994760285659592
"msp_0183";0,544391789369637
"msp_0184";0
"msp_0185";1,16526391670974
"msp_0186";0,143993090740676
"msp_0187";0
"msp_0188";0,30893139362796
"msp_0189";0,094625088017618
"msp_0190";0,869043905792751
"msp_0191";0,184334643967325
"msp_0192";0,0729919201835224
"msp_0193";0
"msp_0194";2,32120060682449
"msp_0195";0,724243423435819
"msp_0196";0,471282194328306
"msp_0197";0
"msp_0198";0,2030068614246
"msp_0199";1,16193167880155
"msp_0200";0,0635097133144782
"msp_0201";0
"msp_0202";0,265314605103828
"msp_0203";0,250152848349256
"msp_0204";0,698118232333266
"msp_0205";3,6789827658419
"msp_0206";0,0707813956212956
"msp_0207";0,203959359851296
"msp_0208";0,337737057390331
"msp_0209";0
"msp_0210";0,0739563458855875
"msp_0211";0
"msp_0212";0,611293762214885
"msp_0213";2,0135961756237
"msp_0214";0,139074733169703
"msp_0215";0
"msp_0216";0
"msp_0217";0
"msp_0218";0
"msp_0219";0
"msp_0220";0,438496628476797
"msp_0221";0,327707802072757
"msp_0222";0
"msp_0223";0,151894104976688
"msp_0224";0,059953581866809
"msp_0225";1,46455112302243
"msp_0226";0,0262360973639369
"msp_0227";0,262678584052277
"msp_0228";0,0519919098109096
"msp_0229";0,123143533897584
"msp_0230";0,318675829092264
"msp_0231";0,130495849378728
"msp_0232";0,161683066735085
"msp_0233";0,162576610277273
"msp_0234";0,0435218594292391
"msp_0235";0
"msp_0236";3,71466918277022
"msp_0237";0,0741630459339095
"msp_0238";0,0492384271860908
"msp_0239";0,0380657662646406
"msp_0240";0
"msp_0241";0
"msp_0242";1,55835749220604
"msp_0243";0,154422553584931
"msp_0244";0,168584249076106
"msp_0245";0
"msp_0246";0,0878440759953244
"msp_0247";0
"msp_0248";0
"msp_0249";0,338630779251236
"msp_0250";1,1431080409729
"msp_0251";0,0502376251607248
"msp_0252";0,636148353988044
"msp_0253";0
"msp_0254";0,0213168291081987
"msp_0255";0,0255801949298385
"msp_0256";0,117694037787999
"msp_0257";0
"msp_0258";0,0992923133463403
"msp_0259";0,350444458342545
"msp_0260";0
"msp_0261";0
"msp_0262";1,10080260296963
"msp_0263";0,452443682733457
"msp_0264";0
"msp_0265";0,564575956513975
"msp_0266";0
"msp_0267";0,0936648551723884
"msp_0268";0
"msp_0269";0
"msp_0270";0,436438775186903
"msp_0271";0,0639504873245962
"msp_0272";0
"msp_0273";0
"msp_0274";0,263140619312825
"msp_0275";0
"msp_0276";3,58456257434052
"msp_0277";0,353481435125954
"msp_0278";0
"msp_0279";0,372149995885046
"msp_0280";0,162173865695405
"msp_0281";0,0260263611204753
"msp_0282";0,248421113838069
"msp_0285";0,920476763456737
"msp_0286";1,45351167752284
"msp_0287";0,677646743402497
"msp_0288";0,0520527222409505
"msp_0289";0,0256211888319696
"msp_0290";0,19847809140295
"msp_0291";0,117460573120063
"msp_0292";2,14520053979867
"msp_0293";0
"msp_0294";0,0878915472889179
"msp_0295";0
"msp_0296";0,610618771828445
"msp_0297";1,57229950800521
"msp_0298";0,178974578241579
"msp_0299";0,0242236694411349
"msp_0300";0,118586650513299
"msp_0301";0,301857198106444
"msp_0302";0,232109867037514
"msp_0303";0,1972758336665
"msp_0304";0,132652148502014
"msp_0305";0,213147086051486
"msp_0306";0,252963453479988
"msp_0307";0,388479252795477
"msp_0308";0,221484973100896
"msp_0309";0
"msp_0310";0
"msp_0311";0
"msp_0312";0,0426336582163975
"msp_0313";0,476949829253681
"msp_0314";0,787741199423434
"msp_0315";0,0555125758026009
"msp_0316";0,0251657010305124
"msp_0317";2,2337082325897
"msp_0318";0,340190429526486
"msp_0319";0,077124865140632
"msp_0320";0,131883239427647
"msp_0321";0
"msp_0322";0,0738905375902734
"msp_0323";0
"msp_0324";0,0444100606420807
"msp_0325";0,0612858836860714
"msp_0326";0
"msp_0327";0,121365683519206
"msp_0328";0,0263655517917194
"msp_0329";0,0177640242568323
"msp_0330";0
"msp_0331";3,58370551814848
"msp_0332";0
"msp_0333";0,199696336710381
"msp_0334";0,238228112511593
"msp_0335";0,582332918073271
"msp_0336";0,0667261161147263
"msp_0337";0,335842988316267
"msp_0338";0
"msp_0339";0
"msp_0340";0,569382753354211
"msp_0341";0
"msp_0342";0,268797326593905
"msp_0343";0
"msp_0344";0
"msp_0345";0,327221501109626
"msp_0346";2,54462820941558
"msp_0347";0,24499104733805
"msp_0348";0,18026145706714
"msp_0349";0,0507543550195208
"msp_0350";0,102850514915283
"msp_0351";0
"msp_0352";0,166923987970925
"msp_0353";0,206936405779619
"msp_0354";0
"msp_0355";0
"msp_0356";0,37315137414845
"msp_0357";0,372462877499162
"msp_0358";0
"msp_0359";0,229830259360017
"msp_0360";0,259920317430117
"msp_0361";0,157744632312969
"msp_0362";0,0406034840156166
"msp_0363";0
"msp_0364";4,91549480556336
"msp_0365";0,0344177969976127
"msp_0366";0,478884981028501
"msp_0367";0,0213168291081987
"msp_0368c";0
"msp_0369";0,579080293545328
"msp_0370";0,0256943922286324
"msp_0371";0
"msp_0372";0,0248696339595652
"msp_0373";0,197249879734956
"msp_0374";0,561934361842417
"msp_0375";0,23933841620016
"msp_0376";0,0893909065101107
"msp_0377";0,0504031758964059
"msp_0378";1,04260191712268
"msp_0379";0,101388343979707
"msp_0380";9,75735057021232
"msp_0381";0
"msp_0382";0
"msp_0383";0
"msp_0384";0,0522914676194245
"msp_0385";0,301622449113784
"msp_0386";0,129584751451252
"msp_0387";0
"msp_0388";0,500013859771485
"msp_0389";0,354022689487631
"msp_0390";0,0263713349792148
"msp_0391";0,333422717073837
"msp_0392";0,0262360973639369
"msp_0393";0
"msp_0394";0
"msp_0395";0,02604044464922
"msp_0396";0,950524987323588
"msp_0397";0,0895306822544347
"msp_0398";0,719871590341999
"msp_0399";0,085267316432795
"msp_0400";0
"msp_0401";0,377582665396496
"msp_0402";0,0233152818370924
"msp_0403";0,197974722761861
"msp_0404";0,447837798512199
"msp_0405";0
"msp_0406";0
"msp_0407";0,499811118114467
"msp_0408";0,0765180004152706
"msp_0409";0,0827295986818189
"msp_0410";0,144595571247536
"msp_0411";0,187386884770242
"msp_0412";0,170040874994073
"msp_0413";0
"msp_0414";0,0228394597587844
"msp_0415";0
"msp_0416";0
"msp_0417";0,0259798854756173
"msp_0418";0,585137639013836
"msp_0419";0,199384631889213
"msp_0420";0,0259258732397011
"msp_0421";0,26594048706252
"msp_0422";2,29158146803785
"msp_0423";0,118716501974875
"msp_0424";0,122880706924436
"msp_0425";0,129537601685996
"msp_0426";0,155264271830479
"msp_0427";0
"msp_0428";0
"msp_0429";0,305613915591273
"msp_0430";0,195404266825155
"msp_0431";0
"msp_0432";1,15910614585829
"msp_0433";0
"msp_0434";0
"msp_0435";0,529500931850419
"msp_0436";0,507759889610554
"msp_0437c";1,76761155688557
"msp_0438";0,0883125777339662
"msp_0439";0,0263970080078162
"msp_0440";0,0713480233000813
"msp_0441";0,0486843095615853
"msp_0442";1,03736504860684
"msp_0443";0
"msp_0444";0,0213168291081987
"msp_0445";0
"msp_0446c";0,0759681188862259
"msp_0447";0,0199845272889363
"msp_0448";0,208646679724869
"msp_0449";0,150265526695821
"msp_0450";0,221865976019261
"msp_0451";0
"msp_0452";0,134512684759705
"msp_0453";0,220396448693208
"msp_0454";0,659449379572151
"msp_0455";0,263013942625204
"msp_0456";0,55405970488201
"msp_0457";0,454803258996097
"msp_0458";0,15610702191053
"msp_0459";0
"msp_0460";0
"msp_0461";0,0662113631391021
"msp_0462";0,160378635159159
"msp_0463";0
"msp_0464";0,195736829477638
"msp_0465";0,388245481619476
"msp_0466";0
"msp_0467";0,222942236361114
"msp_0468";1,02123719907643
"msp_0469c";0,0510243249930289
"msp_0470";0,0213168291081987
"msp_0471";0,440622391381189
"msp_0472";0,0664132270511116
"msp_0473c";0,277010828198038
"msp_0474";0,0923762527318306
"msp_0475";0
"msp_0476";0
"msp_0477";0,380440963183276
"msp_0478";4,20711091451023
"msp_0479";0
"msp_0480";0,343869522304364
"msp_0481";0
"msp_0482";0,0970270983064592
"msp_0483";0
"msp_0484";0,303451149897888
"msp_0485";0
"msp_0486";0,128505707389851
"msp_0487";1,00519836218322
"msp_0488";0,331755770520454
"msp_0489";0,368309895369393
"msp_0490";0,0490096740657248
"msp_0491";0,0233152818370924
"msp_0492";0,174021619903629
"msp_0493";0
"msp_0494";0
"msp_0495";0
"msp_0496";0,026102239724325
"msp_0497";0,0985024905494238
"msp_0498";0,0258572081793881
"msp_0499";0,0257578351724068
"msp_0500";0,0478641764697981
"msp_0501";0,0233152818370924
"msp_0502";0
"msp_0503";0,141959055914513
"msp_0504";0,0489991002417624
"msp_0505";0,0840341364198486
"msp_0506";1,18918249431698
"msp_0507";0,349549853396116
"msp_0508";0,0239814327467236
"msp_0509";0,797614208323408
"msp_0510";0,0955858681845688
"msp_0511";0
"msp_0512";0,550766767840163
"msp_0513";0
"msp_0514";0
"msp_0515";0,09403538169509
"msp_0516";0,0521460066894108
"msp_0517";0
"msp_0518";0,267556993795314
"msp_0519";0
"msp_0520c";0
"msp_0521";0,0222050303210404
"msp_0522";0,600614494689702
"msp_0523";0
"msp_0524";0,530551345300121
"msp_0525";0
"msp_0526";0,21518422539498
"msp_0527";0,0716048809069314
"msp_0528";0
"msp_0529";0
"msp_0530";1,52916914526782
"msp_0531";0
"msp_0532";0
"msp_0533";0,207413062348671
"msp_0534";0,32420107378075
"msp_0535";0,0689028819658949
"msp_0536";0,697565980786505
"msp_0537";0,0756081282431424
"msp_0538";0,729108085951543
"msp_0539";0
"msp_0540";0
"msp_0541";0,857956379075803
"msp_0542";0,173187594617126
"msp_0543c";0
"msp_0544c";0
"msp_0545";12,4329101444769
"msp_0546";0,352396806960512
"msp_0547";0
"msp_0548";0
"msp_0549";0,0526460845243073
"msp_0550";0,0177640242568323
"msp_0551";0,206181685514021
"msp_0552";0,174475084856459
"msp_0553";0,35654860734984
"msp_0554";0,394564898749081
"msp_0555";0,0503044868727569
"msp_0556";0,0254348529131917
"msp_0557";0
"msp_0558";0,0248696339595652
"msp_0559";0,0414493899326087
"msp_0560";4,12539500679629
"msp_0561";0
"msp_0562";0,159282902083625
"msp_0563";0,284362661191902
"msp_0564";0,234649299678846
"msp_0565";0,283498092637455
"msp_0566";0,269419268633314
"msp_0567";0
"msp_0568";0
"msp_0569";0
"msp_0570";0,0708594029633633
"msp_0571";0
"msp_0572";0,774512734218919
"msp_0573";0,641925802142759
"msp_0574c";0,0785347289475522
"msp_0575";0
"msp_0576";0,103548644692711
"msp_0577";0,0199845272889363
"msp_0578";0,205078221906893
"msp_0579";0,0465248254345607
"msp_0580";0
"msp_0581";0,0902331686682276
"msp_0582";0
"msp_0583";0,536295369219472
"msp_0584";0,708913518643337
"msp_0585";0,160300906940695
"msp_0586";0
"msp_0587";0
"msp_0588";0
"msp_0589c";0,0262653787226021
"msp_0590";0
"msp_0591";0,843342177700755
"msp_0592";0,0343029433925038
"msp_0593";0
"msp_0594";0,264119934663056
"msp_0595";1,53833219134926
"msp_0596";3,03825690106362
"msp_0597";0,0951173976696739
"msp_0598";0,0520808892984401
"msp_0599";0
"msp_0600c";0,179144128712793
"msp_0601c";0
"msp_0602c";0,168335267253792
"msp_0603c";0
"msp_0604";0,378790769949366
"msp_0605";0,159839511947147
"msp_0606";0
"msp_0607";0
"msp_0608";0,0263970080078162
"msp_0609";0
"msp_0610";100
"msp_0611";0
"msp_0612";0,0406034840156166
"msp_0613";0,488663396165103
"msp_0614";0
"msp_0615";0,944856761579629
"msp_0616";0
"msp_0617";0,0263822142428202
"msp_0618";0
"msp_0619";0,258021694708656
"msp_0620";0,101678467271519
"msp_0621";1,38424925038894
"msp_0622";0,999531938641684
"msp_0623";0
"msp_0624";0
"msp_0625";0
"msp_0626";0,282667339269267
"msp_0627";0
"msp_0628";0,0199845272889363
"msp_0629";0,118278168908798
"msp_0630";0,151383624666495
"msp_0631";0,0519122439103166
"msp_0632";0
"msp_0633";0
"msp_0634";0,0213168291081987
"msp_0635";0,176972997814833
"msp_0636";0,153035003388394
"msp_0637";0
"msp_0638";1,90341464584351
"msp_0639";0,330179432173583
"msp_0640";0,0483752446279808
"msp_0641";0
"msp_0642";0,0766514515538202
"msp_0643";0
"msp_0644";0
"msp_0645";0,236991929840349
"msp_0646";0
"msp_0647";0,606665677822425
"msp_0648";0
"msp_0649";0
"msp_0650";0
"msp_0651";0
"msp_0652";0,145992991971566
"msp_0653";0,0259258732397011
"msp_0654";1,39248133953464
"msp_0655";0,0985153347127598
"msp_0656";0,311828492257334
"msp_0657";2,56820089354919
"msp_0658";0
"msp_0659";0
"msp_0660";0,0819382888086828
"msp_0662";0
"msp_0663";0,0912800238138341
"msp_0664";0
"msp_0665";0,119095645146673
"msp_0666";0,0515837422530057
"msp_0667";0
"msp_0668";0,0256211888319696
"msp_0669";0,286343538142523
"msp_0670";0,0236853656757764
"msp_0671";0,0199845272889363
"msp_0672";0
"msp_0673";0,0436026049940429
"msp_0674";0,0504054188287616
"msp_0675";0,295633799966951
"msp_0676";0,145880742015994
"msp_0677c";0
"msp_0678";0,0495604946062693
"msp_0679";0,137129993959942
"msp_0680c";0
"msp_0681";0,0244255333531444
"msp_0682";0,130137716654186
"msp_0683";0,0466305636741847
"msp_0684";0
"msp_0685";0,253894874736338
"msp_0686";0,0512423776639393
"msp_0687";0,219687631350138
"msp_0688";0
"msp_0689";0
"msp_0690";0
"msp_0691";0,154344609505303
"msp_0692";0
"msp_0693";0,0476823808999182
"msp_0694";0
"msp_0695";0,0466305636741847
"msp_0696";0,231725694649775
"msp_0697";0,365254843882311
"msp_0698";0,361128086106543
"msp_0699";0,516561763931607
"msp_0700";0
"msp_0701";0,0771533484267385
"msp_0702";0
"msp_0703";0,0258847210599556
"msp_0704";0,697751725999689
"msp_0705";0
"msp_0706";0,0213168291081987
"msp_0707";0
"msp_0708";0
"msp_0709";0,223409648305505
"msp_0710";0,0228394597587844
"msp_0711c";0
"msp_0712";0,274932981685976
"msp_0713";4,56233008858794
"msp_0714c";0
"msp_0715c";0
"msp_0716";0,0257864868244339
"msp_0717";0,0461864630677639
"msp_0718";0
"msp_0719";0,705560416891703
"msp_0720";0
"msp_0721";0,0199845272889363
"msp_0722";0,298621879357185
"msp_0723";0,261128783459588
"msp_0724";0,0496167574070143
"msp_0725";0
"msp_0726";0,223078503905315
"msp_0727";0
"msp_0728";0,262657895610922
"msp_0729";0,0654530833613584
"msp_0730";0
"msp_0732";0,160687573925442
"msp_0733";0,0676224411191487
"msp_0734";0
"msp_0735";0
"msp_0736c";0
"msp_0737";0,102269646452831
"msp_0738";0
"msp_0739c";0,0258413271849929
"msp_0740";0,0457117348333141
"msp_0741";0
"msp_0742";0,406091082059246
"msp_0743";0
"msp_0744";0,0679619093881624
"msp_0745";0,0492601067385185
"msp_0746";0
"msp_0747";0,454315170025426
"msp_0748";0,0678262744351778
"msp_0749";0,201791427993888
"msp_0750";0
"msp_0751";0,02566325819141
"msp_0752";0
"msp_0753";0
"msp_0754c";0
"msp_0755c";0
"msp_0756";0,408947923382191
"msp_0757";0,0380657662646406
"msp_0758";0,0259058687078804
"msp_0759";0,200708917761527
"msp_0760";0,205175903565792
"msp_0761";0,484964936077235
"msp_0762";0
"msp_0763";1,08059165622943
"msp_0764";0,0245963412786909
"msp_0765";0,0263768845025691
"msp_0766";0,569426745653496
"msp_0767";0
"msp_0768";0
"msp_0769";0,201086179573814
"msp_0770";0
"msp_0771";0,02604044464922
"msp_0772";0,251657326719501
"msp_0773";0,189582006365458
"msp_0774";0
"msp_0775";0,0487842846602105
"msp_0776";0,462791022787235
"msp_0777";0,554149696068179
"msp_0778";0
"msp_0779";0
"msp_0780";0,203260902880692
"msp_0781";0,0740356656349467
"msp_0782";0,025996133058779
"msp_0783";0
"msp_0784";0
"msp_0785";0,0516266954964189
"msp_0786";0
"msp_0787";0,0948174585288032
"msp_0788";0,317035546382012
"msp_0789";0
"msp_0790";0
"msp_0791";0,0177640242568323
"msp_0792";0,351444337875556
"msp_0793";4,52018764166857
"msp_0794";0,464006461196602
"msp_0795";0
"msp_0796";0
"msp_0797";0
"msp_0798";0
"msp_0799";0,0527295453356972
"msp_0800";0,187076689296492
"msp_0801";0
"msp_0802";0
"msp_0803";0
"msp_0804";0,187101157422552
"msp_0805";0
"msp_0806";0,0245963412786909
"msp_0807";0
"msp_0808";0,0695113992658655
"msp_0809";0
"msp_0810";0
"msp_0811";0
"msp_0812";0
"msp_0813";0
"msp_0814";0,17030292820137
"msp_0815";0,0250786224802338
"msp_0816c";0
"msp_0817";0,0263873370028673
"msp_0818";0,220206408291343
"msp_0819";0
"msp_0820";0
"msp_0821";0,12656867282993
"msp_0822";0
"msp_0823";0
"msp_0824";0
"msp_0825";0
"msp_0826";0
"msp_0827";0
"msp_0828";0,30304746422167
"msp_0829";0
"msp_0830";0
"msp_0831";0,0573402462143328
"msp_0832";0,551195084054927
"msp_0833";0,151052640473393
"msp_0834";0
"msp_0835";0
"msp_0836";0
"msp_0837";0,0874474466824972
"msp_0838";0
"msp_0839";0,0247427480720164
"msp_0840";0,0481531943247704
"msp_0841";0
"msp_0842";0,37566930708302
"msp_0843";0,0258133477482094
"msp_0844c";0
"msp_0845";0
"msp_0846";0
"msp_0847";0,115024066567996
"msp_0848";0,0716905264650731
"msp_0849";0,14504269350552
"msp_0850";0,224443719363775
"msp_0851";0,543545388939015
"msp_0852";0,145140624931085
"msp_0853c";0,0177640242568323
"msp_0854";0,22794423467659
"msp_0855";0,202208740981928
"msp_0856";0,642294153073186
"msp_0857";0
"msp_0858";0,142341027639122
"msp_0859";0,103575514256683
"msp_0860";0,0262759525465645
"msp_0861";7,99994999584716
"msp_0862";0
"msp_0863";0
"msp_0864";0
"msp_0865";0
"msp_0866c";0
"msp_0867";0,0236853656757764
"msp_0868";0
"msp_0869";0
"msp_0870";0
"msp_0871";6,39103964171256
"msp_0872";0,124450629923316
"msp_0873";0,969845730319088
"msp_0874";1,28184742408069
"msp_0875";0
"msp_0876";0
"msp_0877";0,109819735673488
"msp_0878";0,0256211888319696
"msp_0879";0,426595488792262
"msp_0880";0
"msp_0881";0,144985786213852
"msp_0882c";0
"msp_0883";0,310038745177086
"msp_0884";0,101319928596591
"msp_0885";0,168475575664039
"msp_0886";0
"msp_0887";0,0421895576099767
"msp_0888";0
"msp_0889";0
"msp_0890c";0,123126893130169
"msp_0891";0
"msp_0892";0,0199845272889363
"msp_0893";0,194225797089991
"msp_0894";0
"msp_0895";0,0260116069475044
"msp_0896";0
"msp_0897";0
"msp_0898";0,240784631313197
"msp_0899";0
"msp_0900";0
"msp_0901";0
"msp_0902";0
"msp_0903";0,541870854811018
"msp_0904";0,210602901408727
"msp_0905c";0
"msp_0906";0,0919560874837263
"msp_0907";0,0257578351724068
"msp_0908";0,316239432298439
"msp_0909";0,0177640242568323
"msp_0910";0,171991349650688
"msp_0911";0
"msp_0912";0
"msp_0913";0
"msp_0914";0
"msp_0915c";0
"msp_0916";0,128064709690174
"msp_0917";4,02492728892362
"msp_0918";0
"msp_0919";0
"msp_0920";0
"msp_0921";0
"msp_0922";0,0658415290844326
"msp_0923";0
"msp_0924";0,270669665252473
"msp_0925";0,059953581866809
"msp_0926";0
"msp_0927";0
"msp_0928";0
"msp_0929";0
"msp_0930";0,799371038143258
"msp_0931";0,650538519966854
"msp_0932";0,373979444046992
"msp_0933";0
"msp_0934";0
"msp_0935";0,0723249559028172
"msp_0936c";0
"msp_0937";0,0769404300624049
"msp_0938";0
"msp_0939";0,168834839076646
"msp_0940";0
"msp_0941";0
"msp_0942";0,0414493899326087
"msp_0943";0
"msp_0944";0,343829398542397
"msp_0945";0,0892346151834875
"msp_0946";0,0666150909631211
"msp_0947";0,0263625679130649
"msp_0948";0
"msp_0949";0,140846114258016
"msp_0950c";0,122148814413647
"msp_0951";1,01082634835161
"msp_0952";0
"msp_0953";0,140794729698053
"msp_0954";0,0258075664833162
"msp_0955";0
"msp_0956";0
"msp_0957";0
"msp_0958";0
"msp_0959";0,141213419017854
"msp_0960";0,0470224171504384
"msp_0961";0,516733986894102
"msp_0962";3,10012957222007
"msp_0963c";0
"msp_0964";0,0255357848691964
"msp_0965";0,0985059354151492
"msp_0966";0
"msp_0967";0
"msp_0968c";0
"msp_0969";0,727613613285107
"msp_0970";0,0248696339595652
"msp_0971";0
"msp_0972";0
"msp_0973";0
"msp_0974c";0,500212091186279
"msp_0975";0
"msp_0976";0,0485549996353415
"msp_0977";6,09887098404846
"msp_0978";0,152627253283894
"msp_0979";0,119959230701267
"msp_0980";0
"msp_0981";0
"msp_0982";4,81226007355847
"msp_0983";0,0518117374157608
"msp_0984";0
"msp_0985";0,147581434101605
"msp_0986";1,30059147465112
"msp_0987";0,0527057061689456
"msp_0988";0
"msp_0989";0
"msp_0990";0
"msp_0991";0,0494218519322381
"msp_0992";0
"msp_0993";0
"msp_0994";0
"msp_0995";0
"msp_0996";0
"msp_0997";0
"msp_0998";0
"msp_0999";0
"msp_1000";0
"msp_1001";2,59830076688797
"msp_1002";0
"msp_1003";0
"msp_1004";0
"msp_1005";0,135977888142962
"msp_1006";0
"msp_1007";0
"msp_1008";0
"msp_1009";0,199593498928118
"msp_1010";0
"msp_1011";0
"msp_1012";0,867442968736486
"msp_1013";0,0213168291081987
"msp_1014";0
"msp_1016";0
"msp_1017";0,466129335181076
"msp_1018";0
"msp_1019";0
"msp_1020";0
"msp_1021";0,961159213418392
"msp_1022";0
"msp_1023";0
"msp_1024";0
"msp_1025";0
"msp_1026";0
"msp_1027";0,0414493899326087
"msp_1028c";0
"msp_1029";0
"msp_1030";0,026379576021396
"msp_1031";0,0674757510530839
"msp_1032";0,0969956097205445
"msp_1033";1,00139678542924
"msp_1034";0
"msp_1035";0
"msp_1036";0,0785543555114685
"msp_1037";0
"msp_1038";0,612681636479778
"msp_1039";0,0866958347136503
"msp_1040c";0
"msp_1041";0
"msp_1042";0,0456101526904006
"msp_1043";0
"msp_1044";0
"msp_1045";0
"msp_1046";0,0476823808999182
"msp_1047";0,100129515609163
"msp_1048";0,026359519864977
"msp_1049";0,0199845272889363
"msp_1050";0
"msp_1051";0
"msp_1052";0
"msp_1053";0,199407657234486
"msp_1054";0
"msp_1055";0
"msp_1056";0
"msp_1057c";0,118211506872739
"msp_1058c";0
"msp_1059c";0
"msp_1060c";10,9315199071656
"msp_1061c";0,0263768845025691
"msp_1062";0,246289313558935
"msp_1063c";0
"msp_1064";0
"msp_1065";0
"msp_1066";0
"msp_1067";0
"msp_1068";0,0199845272889363
"msp_1069";0
"msp_1070";0
"msp_1071";0
"msp_1072";3,87227186489106
"msp_1073";0
"msp_1074";0
"msp_1075";0
"msp_1076";0,050813371711404
"msp_1077";0
"msp_1078";0,0177640242568323
"msp_1079";0,114275160588554
"msp_1081";0
"msp_1082";0
"msp_1083";0
"msp_1084";0,0343437802298758
"msp_1085";0
"msp_1086";0
"msp_1087";0,0380657662646406
"msp_1088";0
"msp_1089";0,262336460188933
"msp_1090";0,490893331059601
"msp_1091";0
"msp_1092";0
"msp_1093";0,467635897490247
"msp_1094";0,455122067104174
"msp_1095";0
"msp_1096";0
"msp_1097";2,95748465210235
"msp_1098";0,0656730593737436
"msp_1099c";0
"msp_1100";0,7276729644616
"msp_1101";0,0509302649999861
"msp_1102";0
"msp_1103";0,18941115710185
"msp_1104";0
"msp_1105";0
"msp_1106";0
"msp_1107";0
"msp_1108";0,0497392679191304
"msp_1109";0
"msp_1110";0
"msp_1111";0,0993145602297363
"msp_1112";0
"msp_1113c";0
"msp_1114";5,52743295423792
"msp_1115";0
"msp_1116";0,0262360973639369
"msp_1117";0
"msp_1118";0
"msp_1120";0,0602026696620021
"msp_1121";0
"msp_1122";0
"msp_1123";0
"msp_1124";0,096836423678131
"msp_1125";0,0466860762499873
"msp_1126";0,0254875130641507
"msp_1127";0,111448104563698
"msp_1128";0
"msp_1129";0
"msp_1130";0
"msp_1131";0,115196525158369
"msp_1132";0,148262649815905
"msp_1133";0
"msp_1134";0,0259628046830626
"msp_1135";0
"msp_1136";0
"msp_1137";0
"msp_1138";0,0199845272889363
"msp_1139";0,0259448249014261
"msp_1140";0
"msp_1141";0
"msp_1142";0,0510304873511199
"msp_1143";0,508049676886298
"msp_1144c";0
"msp_1145";0
"msp_1146";0
"msp_1147";0
"msp_1148";0
"msp_1149";0
"msp_1150";0
"msp_1151";0
"msp_1152";0
"msp_1153";0
"msp_1154";0
"msp_1155";0
"msp_1156";2,88577378345902
"msp_1157";0
"msp_1158";0
"msp_1159";0,140909982312024
"msp_1160";0
"msp_1161";0
"msp_1162";0
"msp_1163";0
"msp_1164";0
"msp_1165";0
"msp_1166";0
"msp_1167";0
"msp_1168";0
"msp_1169c";0
"msp_1170";0
"msp_1171";0,497673142578207
"msp_1172";0,837162243071481
"msp_1173c";0,260466770596182
"msp_1174";0
"msp_1175";0
"msp_1176";0,175314433485368
"msp_1177";0,327911250058301
"msp_1178";0
"msp_1179";0
"msp_1180";0
"msp_1181";0,151202764235715
"msp_1182";0,0244255333531444
"msp_1183";0
"msp_1184";0
"msp_1185";0,522147841923116
"msp_1186";0,0245963412786909
"msp_1187";0,0257093199801087
"msp_1188";0,0931553891087455
"msp_1189";0
"msp_1190c";0
"msp_1191c";0,174366958445903
"msp_1192";0
"msp_1193";62,7671557398256
"msp_1194";0
"msp_1195";0
"msp_1196";0,0730228282843356
"msp_1197";0
"msp_1198";0,0233152818370924
"msp_1199";0
"msp_1200";0,0498437621794647
"msp_1201";0
"msp_1202";0
"msp_1203";0
"msp_1204";0
"msp_1205";0
"msp_1206";0
"msp_1207";0
"msp_1208";0
"msp_1209";0
"msp_1210";0
"msp_1211";0,0177640242568323
"msp_1212";0
"msp_1213";0,123019473761455
"msp_1214";0
"msp_1215";0
"msp_1216";0
"msp_1217";0
"msp_1218";0
"msp_1219";0,560044677399811
"msp_1220";0
"msp_1221";0
"msp_1222";0
"msp_1223c";0
"msp_1225";0
"msp_1226";0
"msp_1227c";0,0502081712221127
"msp_1228";0
"msp_1229";0
"msp_1230";0
"msp_1231";0
"msp_1232";0
"msp_1233";0
"msp_1234";0,509762733664471
"msp_1235";0,102364897452609
"msp_1236";0,674839641760478
"msp_1237";0
"msp_1238";0,386222099244483
"msp_1239";0,0513935426780479
"msp_1240";0
"msp_1241";0
"msp_1242";0,0251657010305124
"msp_1243";0
"msp_1244";0,655290291650021
"msp_1245";0,025996133058779
"msp_1246";0
"msp_1247";0
"msp_1248";0,062808514336657
"msp_1249";0,450511477241535
"msp_1250";0
"msp_1251";0,124618609488556
"msp_1252";0
"msp_1253";0
"msp_1254";0,0256211888319696
"msp_1255";0
"msp_1256";0,161186907699357
"msp_1257";0,0521774673269309
"msp_1258";0
"msp_1259c";0
"msp_1260";0
"msp_1261";0
"msp_1262";0
"msp_1263c";0,0521428945638669
"msp_1264c";0,119567182408128
"msp_1265";0
"msp_1266";0
"msp_1267";0
"msp_1268";0
"msp_1269";0,0479628654934472
"msp_1270";0,200350125868004
"msp_1271";0
"msp_1272";0
"msp_1273";0,104125242970316
"msp_1274";0,0441562888669831
"msp_1275";0
"msp_1276";0
"msp_1277";0
"msp_1278";0
"msp_1279";0,631345191810607
"msp_1280";0
"msp_1281";0
"msp_1282";0,0258871611731778
"msp_1283";0
"msp_1284";0
"msp_1285";0
"msp_1286";0
"msp_1287";0,236266941156685
"msp_1288";0
"msp_1290";0,075695152893594
"msp_1291";1,63315034210049
"msp_1292";0,0502468114693256
"msp_1293";0,0258623294327411
"msp_1294";0
"msp_1295";0
"msp_1296c";0
"msp_1297";0
"msp_1298";0
"msp_1299";0
"msp_1300c";0,186966836452246
"msp_1301";0
"msp_1302";0,118683103389125
"msp_1303";0
"msp_1304";0
"msp_1305";0,050387414750123
"msp_1306c";0
"msp_1307";0
"msp_1308";0,171204535777272
"msp_1309";0,0713677465756946
"msp_1310";0,137373425117547
"msp_1311";0,0932611273483695
"msp_1312";0,46343165135111
"msp_1313";0
"msp_1314";0
"msp_1315";0,52269805299087
"msp_1316";0
"msp_1317";0
"msp_1318";0
"msp_1319";0
"msp_1320c";0
"msp_1321c";0
"msp_1322";0
"msp_1323";0,123750774810374
"msp_1324";0
"msp_1325";0,120502781017524
"msp_1326";0
"msp_1327";21,9916939835021
"msp_1328";0,0236853656757764
"msp_1329";0
"msp_1330";0
"msp_1331";0,0255801949298385
"msp_1332";0
"msp_1333";0
"msp_1334";0
"msp_1335";0,0520079264386776
"msp_1336";0,0239814327467236
"msp_1337c";0,0260116069475044
"msp_1338";0
"msp_1339";0,665909051785038
"msp_1340";0
"msp_1341";0
"msp_1342";0,0934064693650163
"msp_1343";0,0239814327467236
"msp_1344c";0
"msp_1345c";0,0722059422711154
"msp_1346c";0
"msp_1347c";0,0997518285191351
"msp_1348";0
"msp_1349";0,927296830482298
"msp_1350";0,257761572139301
"msp_1351";0
"msp_1352";0
"msp_1353";0,254643960219246
"msp_1354";0
"msp_1355";0
"msp_1356";0,333777547222694
"msp_1357";0,462538976143163
"msp_1358";0,103987932902724
"msp_1359";0
"msp_1360";0,185153568831189
"msp_1361";0,529719077350427
"msp_1362";0,0993658949360085
"msp_1363";0,0256943922286324
"msp_1364";0
"msp_1365";0
"msp_1366";0
"msp_1367";0
"msp_1368";0
"msp_1369";0
"msp_1370";0
"msp_1371";0
"msp_1372";0
"msp_1373";0
"msp_1374";0,0703455360570559
"msp_1375";0
"msp_1376";0
"msp_1377";0,0261525912670031
"msp_1378";0
"msp_1379";0
"msp_1380";0
"msp_1381";0,253145940147317
"msp_1382";0
"msp_1383c";0
"msp_1384";0
"msp_1385";0,336469226735674
"msp_1386";0
"msp_1387";0
"msp_1388";0,0720321423161661
"msp_1389";0
"msp_1390";0,0767301672396534
"msp_1391";0
"msp_1392";0
"msp_1393";0,0213168291081987
"msp_1394";0,026359519864977
"msp_1395";0
"msp_1396c";0
"msp_1397c";0,0504214224542181
"msp_1398";0
"msp_1399";0,0233152818370924
"msp_1400";0
"msp_1401c";0
"msp_1402";2,11224533639726
"msp_1403";0,059213414189441
"msp_1404";0,114740744165013
"msp_1405";0
"msp_1406";0
"msp_1407";0
"msp_1408";0
"msp_1409";0
"msp_1410";0,22206988965159
"msp_1412";0,0256591461487578
"msp_1413";0,0199845272889363
"msp_1414";0
"msp_1415";0
"msp_1416";0
"msp_1417";0
"msp_1418c";0,323744377712489
"msp_1419";0
"msp_1420";0
"msp_1421";0
"msp_1422";0,0473247403502405
"msp_1423";0,0546141261142265
"msp_1424";0
"msp_1425";0
"msp_1426";0
"msp_1427";0
"msp_1428";0,0199845272889363
"msp_1429";0
"msp_1430";0
"msp_1431";0
"msp_1432";0
"msp_1433";0
"msp_1434";0
"msp_1435";0
"msp_1436";0,0233152818370924
"msp_1437";0
"msp_1438";0
"msp_1439";0,0426336582163975
"msp_1440";0
"msp_1441c";0
"msp_1442";0
"msp_1443";0,0256384858370882
"msp_1444";0,28693030971244
"msp_1446";0
"msp_1447";0
"msp_1448";0
"msp_1449";0
"msp_1450";0,0781284291104973
"msp_1451";0
"msp_1452";0
"msp_1453";0,117078425902808
"msp_1454";0
"msp_1455";0
"msp_1456c";0
"msp_1457";0
"msp_1458";0
"msp_1459";0,0254348529131917
"msp_1460";0
"msp_1461";0,240849652283847
"msp_1462";0
"msp_1463";0
"msp_1464";0,119937544364647
"msp_1465";0,116112457928234
"msp_1466";0,0496035295277992
"msp_1467";0
"msp_1468";0,0263625679130649
"msp_1469";0
"msp_1471c";0
"msp_1472c";0
"msp_1473c";0,374520334344415
"msp_1474";0
"msp_1475";0
"msp_1476";0
"msp_1477";0,261296883711972
"msp_1478";0
"msp_1479";0,0424286887057417
"msp_1481";0,333062197544694
"msp_1482";0
"msp_1483";0
"msp_1484";0,237580485149518
"msp_1485";0,0463016002620211
"msp_1486";0,203885160626144
"msp_1487";0,050627469131972
"msp_1488";0
"msp_1489c";0
"msp_1490";0
"msp_1491";0,124062505083426
"msp_1492";0,294030493093482
"msp_1493";0
"msp_1494c";0
"msp_1495";0
"msp_1496";0
"msp_1497";0
"msp_1498";0
"msp_1499";0
"msp_1500";0
"msp_1501";0
"msp_1502";0
"msp_1503c";0,0213168291081987
"msp_1504";0
"msp_1505";0
"msp_1506";0
"msp_1507";0,0249806591111704
"msp_1508";0
"msp_1509";0,0263170729730848
"msp_1510c";0
"msp_1511c";0
"msp_1512";0
"msp_1513";0,0242236694411349
"msp_1514";0
"msp_1515";0,0659651876366516
"msp_1516";0
"msp_1517";0
"msp_1518";0
"msp_1519";0
"msp_1520";0,0463207260417982
"msp_1521";0
"msp_1522";0
"msp_1523";0,137272289113378
"msp_1524";0
"msp_1525";0
"msp_1526";0
"msp_1527";0,129551772862959
"msp_1528";0
"msp_1529";0,0450021947839751
"msp_1530c";0
"msp_1531c";0
"msp_1532";0
"msp_1533";0,0693219898974955
"msp_1535";0
"msp_1536";0
"msp_1538";0,113845922489941
"msp_1539";0
"msp_1540";0
"msp_1541";0,524069121922482
"msp_1542";0
"msp_1543";0,869135191245508
"msp_1545";0,0479180822390182
"msp_1546";0
"msp_1547c";0
"msp_1548";0
"msp_1549";0
"msp_1550";0
"msp_1551";0,0177640242568323
"msp_1552";0
"msp_1553";0,131125670229383
"msp_1554c";0
"msp_1555c";0
"msp_1556";0,335443751069002
"msp_1557";0
"msp_1558";0,395674035526148
"msp_1559c";0
"msp_1560";0
"msp_1561";0
"msp_1562";0
"msp_1564";0,069003770733215
"msp_1565";0
"msp_1566";0
"msp_1567";0
"msp_1568";0
"msp_1570";0,618740517369216
"msp_1571c";0,0199845272889363
"msp_1572";0
"msp_1573";0
"msp_1574";0,0487159056521608
"msp_1575";0
"msp_1576";0
"msp_1577";0
"msp_1578c";0
"msp_1579c";0,0177640242568323
"msp_1580c";0
"msp_1581";1,03231428790622
"msp_1582";0
"msp_1583";0
"msp_1584";0,564411153497779
"msp_1586";0
"msp_1587";0
"msp_1588";0,191262704347109
"msp_1589";0,06353009067519
"msp_1590c";0,205121773720816
"msp_1591";0
"msp_1592";0,0263044205341555
"msp_1594";0
"msp_1595";0
"msp_1596";0
"msp_1597";0
"msp_1598";0
"msp_1599";0,19952387155314
"msp_1600";0,870897969388734
"msp_1601";0,0494251479780034
"msp_1603c";0,130729553896242
"msp_1604";0,0840349372499773
"msp_1605";0
"msp_1606c";0
"msp_1607c";0
"msp_1608c";0,107979054428619
"msp_1609c";0,0228394597587844
"msp_1610";0,0261235650835769
"msp_1611";0,238875445301955
"msp_1612";0
"msp_1613";0
"msp_1614";0
"msp_1616";0
"msp_1617";0
"msp_1618";0,0262999839646608
"msp_1621";0,214116789707448
"msp_1622";0,0815241827501053
"msp_1623";0
"msp_1624";0
"msp_1625";0
"msp_1626";0,0258075664833162
"msp_1627";0,184056308473084
"msp_1628";0,302936713912138
"msp_1629";0,0657268897502795
"msp_1631";0
"msp_1632";0
"msp_1633";0,0257803266508019
"msp_1634";0,0222050303210404
"msp_1635";0
"msp_1636";0
"msp_1637";0,0247427480720164
"msp_1638";0
"msp_1639";0
"msp_1640";0
"msp_1641";0,0845499231454998
"msp_1643c";0,221157303165545
"msp_1644";0,0263361987528619
"msp_1646";0
"msp_1647";0,0239814327467236
"msp_1648";0
"msp_1649";0,235968561143569
"msp_1650";0,0262859548124747
"msp_1652";0,190706373844255
"msp_1653";0
"msp_1654";0,619145452775262
"msp_1655c";0
"msp_1656";0
"msp_1657";0
"msp_1658";0
"msp_1659c";0
"msp_1660";0,0236853656757764
"msp_1661";0
"msp_1662";0
"msp_1663";0
"msp_1664";0
"msp_1665";0,0252436134176038
"msp_1666";0
"msp_1667";0,0964917155486286
"msp_1668";0
"msp_1669";0
"msp_1670";0
"msp_1671c";0,0259258732397011
"msp_1672";0,0456789195175687
"msp_1673";0,128407814743324
"msp_1674";0,0577330788347049
"msp_1675";0
"msp_1676";0
"msp_1677";0
"msp_1678";0
"msp_1679";0,0763475085080877
"msp_1680";0
"msp_1682c";0
"msp_1683";0
"msp_1684";0,212020968113187
"msp_1686";0
"msp_1687";0,0864036915139305
"msp_1688";0
"msp_1689";0,0720151182704306
"msp_1690";0
"msp_1691";0
"msp_1692";0
"msp_1693";0,0961921628495328
"msp_1695";0
"msp_1696c";0
"msp_1697";0,0765423918787193
"msp_1698";0
"msp_1699";0,173929119143642
"msp_1700";0,0506750513398028
"msp_1701c";0
"msp_1702";0,548088312759849
"msp_1703";0
"msp_1704c";0
"msp_1705";1,19598346349257
"msp_1706";0
"msp_1707";0
"msp_1708";0,07308627122811
"msp_1709";0
"msp_1710";0
"msp_1711";0
"msp_1712";0
"msp_1713";0,0261131156575435
"msp_1714";0
"msp_1715";0,0254875130641507
"msp_1716";0
"msp_1717";0
"msp_1718";0
"msp_1719";0
"msp_1720";0
"msp_1721";0,359950604294572
"msp_1723";0
"msp_1724";0,261332411956813
"msp_1725";0
"msp_1726";0
"msp_1727";0
"msp_1728";0
"msp_1729";0,0199845272889363
"msp_1731";0
"msp_1732";0
"msp_1733";0
"msp_1735";0
"msp_1737";0,0494713410918741
"msp_1738";0
"msp_1739";0
"msp_1740";0
"msp_1741";0
"msp_1742";0
"msp_1743";0
"msp_1744";0
"msp_1745";0
"msp_1746";0
"msp_1747";0,101349105044822
"msp_1748";0,540336122202434
"msp_1749";0
"msp_1750";0,0222050303210404
"msp_1751";0
"msp_1754";0
"msp_1755";0
"msp_1757";0
"msp_1759";0
"msp_1760";0
"msp_1763";0
"msp_1766";0
"msp_1767";0,0242236694411349
"msp_1768";0,050813371711404
"msp_1769";0
"msp_1770";0
"msp_1771";0
"msp_1772c";0
"msp_1773";0,434729162066442
"msp_1774";0
"msp_1775";0,0213168291081987
"msp_1776c";0,0453617047986967
"msp_1777";0,0521025175747268
"msp_1778";0
"msp_1779c";0
"msp_1780c";0,0263499693143012
"msp_1782";0
"msp_1783";0,11983782090256
"msp_1784";0
"msp_1785";0
"msp_1786";0,0778858667103857
"msp_1787";0
"msp_1788";0
"msp_1789";0
"msp_1793";0,0213168291081987
"msp_1794";0
"msp_1799";0
"msp_1801";0
"msp_1808";0
"msp_1814";0,0258572081793881
"msp_1815";0
"msp_1816";0
"msp_1817";0
"msp_1818";0
"msp_1819";0
"msp_1820";0,0259798854756173
"msp_1821";0
"msp_1822";0
"msp_1823";0
"msp_1824";0
"msp_1826";0
"msp_1827";0
"msp_1828";0
"msp_1829";0
"msp_1830";0
"msp_1831";0,0213168291081987
"msp_1833";0
"msp_1834";0
"msp_1835";0
"msp_1836";0
"msp_1837";0
"msp_1838";0
"msp_1839";0
"msp_1840";0
"msp_1841";0,0436026049940429
"msp_1842";0,0709292111397803
"msp_1843";0,250859377862273
"msp_1844";0
"msp_1845";0,112689930038117
"msp_1846";0
"msp_1847";0
"msp_1848";0
"msp_1849";0
"msp_1850";0
"msp_1851";0
"msp_1852";0
"msp_1853";0
"msp_1854";0,160303567870387
"msp_1855";0
"msp_1856";0
"msp_1857";0
"msp_1858";0
"msp_1859";0
"msp_1860";0
"msp_1861";0
"msp_1862";0,0263922646101507
"msp_1863";0
"msp_1864";0
"msp_1865";0
"msp_1866";0,224807205809659
"msp_1867";0,40428404744335
"msp_1868";0
"msp_1869";0
"msp_1870";0,0261131156575435
"msp_1871";0
"msp_1873";0
"msp_1874";0
"msp_1875";0,0972514771547108
"msp_1876";0
"msp_1877";0,124217525160675
"msp_1878";0
"msp_1879";0
"msp_1880";0
"msp_1881";0,0785016724919268
"msp_1882";0
"msp_1883";0
"msp_1884";0,0263432405172343
"msp_1885";0
"msp_1886";0
"msp_1887";0
"msp_1888";0
"msp_1889";0
"msp_1890";0
"msp_1891";0
"msp_1892";0
"msp_1893";0
"msp_1894";0
"msp_1895";0
"msp_1896";0
"msp_1897";0
"msp_1898";0
"msp_1899";0
"msp_1900";0
"msp_1901";0
"msp_1902";0
"msp_1903";0,0177640242568323
"msp_1904";0
"msp_1905";0
"msp_1906";0
"msp_1907";0
"msp_1908";0
"msp_1910";0
"msp_1911";0
"msp_1912";0
"msp_1913";0
"msp_1914";0
"msp_1915";0
"msp_1916";0
"msp_1917";0,118975632683261
"msp_1919";0
"msp_1920";0
"msp_1921";0
"msp_1922";0
"msp_1923";0,0492387735849101
"msp_1924";0
"msp_1925";0,115133867399542
"msp_1926";0
"msp_1927";0
"msp_1928";0
"msp_1929";0
"msp_1930";0
"msp_1931";0
"msp_1932";0
"msp_1933";0,0251657010305124
"msp_1934";0
"msp_1935";0
"msp_1936";0
"msp_1938";0,293419585472338
"msp_1939";0
"msp_1940";0
"msp_1941";0
"msp_1942";0
"msp_1943";0
"msp_1944";0
"msp_1945";0
"msp_1946";0,81848626428812
"msp_1947";0
"msp_1948";0
"msp_1949";0
"msp_1956";0
"msp_1958";0
"msp_1962";0
"msp_1964";0,0516637038802872
"msp_1967";0
"msp_1968";0
"msp_1970";0,484584542124629
"msp_1971";0,0213168291081987
"msp_1975";0
"msp_1977";0
"msp_1978";0
"msp_1979";0
"msp_1980";0
"msp_1981";0
"msp_1982";0
"msp_1983";0
"msp_1984";0
"msp_1985";0
"msp_1986";0
"msp_1987";0
"msp_1988";0
"msp_1989";0
"msp_1990";0
"msp_1991";0,0262296920667289
"msp_1992";0
"msp_1993";0
"msp_1994";0
"msp_1995";0
"msp_1996";0
"msp_1997";0
"msp_1998";0
"msp_1999";0
"msp_2000";0
"msp_2001";0
"msp_2002";0
"msp_2003";0
"msp_2004";0
"msp_2005";0
"msp_2006";0
"msp_2007";0
"msp_2009";0
"msp_2010";0
"msp_2011";0
"msp_2012";0
"msp_2013";0
"msp_2014";0,0790553315347664
"msp_2015";0
"msp_2019";0
"msp_2020";0
"msp_2023";0
"msp_2025";0
"msp_2028";0
"msp_2029";0
"msp_2032";0
"msp_2033";0
"msp_2036";0
"msp_2042";0
"msp_2046";0
"msp_2048";0
"msp_2050";0
"msp_2053";0
"msp_2054";0
"msp_2056";0
"msp_2058";0
"msp_2060";0
"msp_2062";0
"msp_2063";0
"msp_2066";0
"msp_2068";0,0263210847220136
"msp_2070";0
"msp_2074";0
"msp_2076";0
"msp_2078";0
"msp_2088";0
"msp_2090";0
"msp_2101";0
"msp_2107";0
"msp_2110";0
"msp_2111";0
"msp_2127";0
"msp_2130";0
"msp_2133";0
"msp_2134";0
"msp_2140";0
"msp_2141";0
"msp_2142";0
"msp_2151";0
"msp_2152";0
"msp_2155";0
"msp_2159";0
"msp_2161";0
"msp_2165";0,120286714833292
"msp_2168";0
"msp_2169";0
"msp_2176";0
"msp_2178";0
"msp_2180";0
"msp_2191";0
"msp_2195";0
"msp_2196";0
"msp_2207";0
"msp_2211";0
